{
    "name": "contoh",
    "display_name": "Plugin Contoh",
    "version": "1.0.0",
    "description": "Plugin contoh untuk demonstrasi sistem plugin SLEMP",
    "author": "SLEMP Team",
    "author_email": "team@slemp.com",
    "license": "MIT",
    "category": "demo",
    "tags": ["demo", "contoh", "template"],
    "requirements": {
        "slemp_version": ">=1.0.0",
        "python_version": ">=3.8"
    },
    "permissions": {
        "read_files": false,
        "write_files": false,
        "execute_commands": false,
        "network_access": false
    },
    "config": {
        "enabled": true,
        "auto_start": false,
        "settings": {
            "theme": "default",
            "language": "id",
            "debug_mode": false
        }
    },
    "routes": {
        "main": "/plugins/contoh",
        "api": "/api/plugins/contoh",
        "static": "/plugins/contoh/static"
    },
    "menu": {
        "title": "Plugin Contoh",
        "icon": "🔌",
        "position": "plugins",
        "order": 100
    },
    "dependencies": [],
    "changelog": [
        {
            "version": "1.0.0",
            "date": "2024-01-01",
            "changes": [
                "Initial release",
                "Basic plugin structure",
                "Demo interface"
            ]
        }
    ]
}